Country_ID,Year,Indicator,Sex,First Tooltip
Afghanistan,2018,Total (recorded+unrecorded) alcohol per capita (15+) consumption,Both sexes,0.21
Afghanistan,2018,Total (recorded+unrecorded) alcohol per capita (15+) consumption,Male,0.36
Afghanistan,2018,Total (recorded+unrecorded) alcohol per capita (15+) consumption,Female,0.055
Albania,2018,Total (recorded+unrecorded) alcohol per capita (15+) consumption,Both sexes,7.17
Albania,2018,Total (recorded+unrecorded) alcohol per capita (15+) consumption,Male,11.63
Albania,2018,Total (recorded+unrecorded) alcohol per capita (15+) consumption,Female,2.68
Algeria,2018,Total (recorded+unrecorded) alcohol per capita (15+) consumption,Both sexes,0.95
Algeria,2018,Total (recorded+unrecorded) alcohol per capita (15+) consumption,Male,1.63
Algeria,2018,Total (recorded+unrecorded) alcohol per capita (15+) consumption,Female,0.25
Andorra,2018,Total (recorded+unrecorded) alcohol per capita (15+) consumption,Both sexes,11.02
Andorra,2018,Total (recorded+unrecorded) alcohol per capita (15+) consumption,Male,17.17
Andorra,2018,Total (recorded+unrecorded) alcohol per capita (15+) consumption,Female,5.19
Angola,2018,Total (recorded+unrecorded) alcohol per capita (15+) consumption,Both sexes,6.94
Angola,2018,Total (recorded+unrecorded) alcohol per capita (15+) consumption,Male,11.05
Angola,2018,Total (recorded+unrecorded) alcohol per capita (15+) consumption,Female,3.1
Antigua and Barbuda,2018,Total (recorded+unrecorded) alcohol per capita (15+) consumption,Both sexes,6.38
Antigua and Barbuda,2018,Total (recorded+unrecorded) alcohol per capita (15+) consumption,Male,10.26
Antigua and Barbuda,2018,Total (recorded+unrecorded) alcohol per capita (15+) consumption,Female,2.9
Argentina,2018,Total (recorded+unrecorded) alcohol per capita (15+) consumption,Both sexes,9.65
Argentina,2018,Total (recorded+unrecorded) alcohol per capita (15+) consumption,Male,14.94
Argentina,2018,Total (recorded+unrecorded) alcohol per capita (15+) consumption,Female,4.71
Armenia,2018,Total (recorded+unrecorded) alcohol per capita (15+) consumption,Both sexes,5.55
Armenia,2018,Total (recorded+unrecorded) alcohol per capita (15+) consumption,Male,9.14
Armenia,2018,Total (recorded+unrecorded) alcohol per capita (15+) consumption,Female,2.55
Australia,2018,Total (recorded+unrecorded) alcohol per capita (15+) consumption,Both sexes,10.51
Australia,2018,Total (recorded+unrecorded) alcohol per capita (15+) consumption,Male,15.96
Australia,2018,Total (recorded+unrecorded) alcohol per capita (15+) consumption,Female,5.18
Austria,2018,Total (recorded+unrecorded) alcohol per capita (15+) consumption,Both sexes,11.96
Austria,2018,Total (recorded+unrecorded) alcohol per capita (15+) consumption,Male,18.49
Austria,2018,Total (recorded+unrecorded) alcohol per capita (15+) consumption,Female,5.77
Azerbaijan,2018,Total (recorded+unrecorded) alcohol per capita (15+) consumption,Both sexes,4.41
Azerbaijan,2018,Total (recorded+unrecorded) alcohol per capita (15+) consumption,Male,7.51
Azerbaijan,2018,Total (recorded+unrecorded) alcohol per capita (15+) consumption,Female,1.46
Bahamas,2018,Total (recorded+unrecorded) alcohol per capita (15+) consumption,Both sexes,4.78
Bahamas,2018,Total (recorded+unrecorded) alcohol per capita (15+) consumption,Male,7.62
Bahamas,2018,Total (recorded+unrecorded) alcohol per capita (15+) consumption,Female,2.12
Bahrain,2018,Total (recorded+unrecorded) alcohol per capita (15+) consumption,Both sexes,1.09
Bahrain,2018,Total (recorded+unrecorded) alcohol per capita (15+) consumption,Male,1.5
Bahrain,2018,Total (recorded+unrecorded) alcohol per capita (15+) consumption,Female,0.32
Bangladesh,2018,Total (recorded+unrecorded) alcohol per capita (15+) consumption,Both sexes,0.019
Bangladesh,2018,Total (recorded+unrecorded) alcohol per capita (15+) consumption,Male,0.033
Bangladesh,2018,Total (recorded+unrecorded) alcohol per capita (15+) consumption,Female,0.005
Barbados,2018,Total (recorded+unrecorded) alcohol per capita (15+) consumption,Both sexes,9.69
Barbados,2018,Total (recorded+unrecorded) alcohol per capita (15+) consumption,Male,15.98
Barbados,2018,Total (recorded+unrecorded) alcohol per capita (15+) consumption,Female,4.09
Belarus,2018,Total (recorded+unrecorded) alcohol per capita (15+) consumption,Both sexes,11.45
Belarus,2018,Total (recorded+unrecorded) alcohol per capita (15+) consumption,Male,18.71
Belarus,2018,Total (recorded+unrecorded) alcohol per capita (15+) consumption,Female,5.38
Belgium,2018,Total (recorded+unrecorded) alcohol per capita (15+) consumption,Both sexes,11.08
Belgium,2018,Total (recorded+unrecorded) alcohol per capita (15+) consumption,Male,17.15
Belgium,2018,Total (recorded+unrecorded) alcohol per capita (15+) consumption,Female,5.27
Belize,2018,Total (recorded+unrecorded) alcohol per capita (15+) consumption,Both sexes,6.22
Belize,2018,Total (recorded+unrecorded) alcohol per capita (15+) consumption,Male,9.94
Belize,2018,Total (recorded+unrecorded) alcohol per capita (15+) consumption,Female,2.59
Benin,2018,Total (recorded+unrecorded) alcohol per capita (15+) consumption,Both sexes,2.81
Benin,2018,Total (recorded+unrecorded) alcohol per capita (15+) consumption,Male,4.53
Benin,2018,Total (recorded+unrecorded) alcohol per capita (15+) consumption,Female,1.14
Bhutan,2018,Total (recorded+unrecorded) alcohol per capita (15+) consumption,Both sexes,0.43
Bhutan,2018,Total (recorded+unrecorded) alcohol per capita (15+) consumption,Male,0.67
Bhutan,2018,Total (recorded+unrecorded) alcohol per capita (15+) consumption,Female,0.16
Bolivia (Plurinational State of),2018,Total (recorded+unrecorded) alcohol per capita (15+) consumption,Both sexes,4.43
Bolivia (Plurinational State of),2018,Total (recorded+unrecorded) alcohol per capita (15+) consumption,Male,6.8
Bolivia (Plurinational State of),2018,Total (recorded+unrecorded) alcohol per capita (15+) consumption,Female,2.09
Bosnia and Herzegovina,2018,Total (recorded+unrecorded) alcohol per capita (15+) consumption,Both sexes,7.15
Bosnia and Herzegovina,2018,Total (recorded+unrecorded) alcohol per capita (15+) consumption,Male,11.83
Bosnia and Herzegovina,2018,Total (recorded+unrecorded) alcohol per capita (15+) consumption,Female,2.7
Botswana,2018,Total (recorded+unrecorded) alcohol per capita (15+) consumption,Both sexes,6.59
Botswana,2018,Total (recorded+unrecorded) alcohol per capita (15+) consumption,Male,10.85
Botswana,2018,Total (recorded+unrecorded) alcohol per capita (15+) consumption,Female,2.51
Brazil,2018,Total (recorded+unrecorded) alcohol per capita (15+) consumption,Both sexes,7.42
Brazil,2018,Total (recorded+unrecorded) alcohol per capita (15+) consumption,Male,11.82
Brazil,2018,Total (recorded+unrecorded) alcohol per capita (15+) consumption,Female,3.26
Brunei Darussalam,2018,Total (recorded+unrecorded) alcohol per capita (15+) consumption,Both sexes,0.48
Brunei Darussalam,2018,Total (recorded+unrecorded) alcohol per capita (15+) consumption,Male,0.72
Brunei Darussalam,2018,Total (recorded+unrecorded) alcohol per capita (15+) consumption,Female,0.22
Bulgaria,2018,Total (recorded+unrecorded) alcohol per capita (15+) consumption,Both sexes,12.65
Bulgaria,2018,Total (recorded+unrecorded) alcohol per capita (15+) consumption,Male,20.17
Bulgaria,2018,Total (recorded+unrecorded) alcohol per capita (15+) consumption,Female,5.68
Burkina Faso,2018,Total (recorded+unrecorded) alcohol per capita (15+) consumption,Both sexes,12.03
Burkina Faso,2018,Total (recorded+unrecorded) alcohol per capita (15+) consumption,Male,20.17
Burkina Faso,2018,Total (recorded+unrecorded) alcohol per capita (15+) consumption,Female,4.2
Burundi,2018,Total (recorded+unrecorded) alcohol per capita (15+) consumption,Both sexes,7.19
Burundi,2018,Total (recorded+unrecorded) alcohol per capita (15+) consumption,Male,11.86
Burundi,2018,Total (recorded+unrecorded) alcohol per capita (15+) consumption,Female,2.79
Cabo Verde,2018,Total (recorded+unrecorded) alcohol per capita (15+) consumption,Both sexes,5.6
Cabo Verde,2018,Total (recorded+unrecorded) alcohol per capita (15+) consumption,Male,8.81
Cabo Verde,2018,Total (recorded+unrecorded) alcohol per capita (15+) consumption,Female,2.44
Cambodia,2018,Total (recorded+unrecorded) alcohol per capita (15+) consumption,Both sexes,6.64
Cambodia,2018,Total (recorded+unrecorded) alcohol per capita (15+) consumption,Male,10.9
Cambodia,2018,Total (recorded+unrecorded) alcohol per capita (15+) consumption,Female,2.72
Cameroon,2018,Total (recorded+unrecorded) alcohol per capita (15+) consumption,Both sexes,5.65
Cameroon,2018,Total (recorded+unrecorded) alcohol per capita (15+) consumption,Male,8.96
Cameroon,2018,Total (recorded+unrecorded) alcohol per capita (15+) consumption,Female,2.36
Canada,2018,Total (recorded+unrecorded) alcohol per capita (15+) consumption,Both sexes,8.94
Canada,2018,Total (recorded+unrecorded) alcohol per capita (15+) consumption,Male,13.95
Canada,2018,Total (recorded+unrecorded) alcohol per capita (15+) consumption,Female,4.07
Central African Republic,2018,Total (recorded+unrecorded) alcohol per capita (15+) consumption,Both sexes,2.38
Central African Republic,2018,Total (recorded+unrecorded) alcohol per capita (15+) consumption,Male,3.85
Central African Republic,2018,Total (recorded+unrecorded) alcohol per capita (15+) consumption,Female,0.98
Chad,2018,Total (recorded+unrecorded) alcohol per capita (15+) consumption,Both sexes,1.37
Chad,2018,Total (recorded+unrecorded) alcohol per capita (15+) consumption,Male,2.25
Chad,2018,Total (recorded+unrecorded) alcohol per capita (15+) consumption,Female,0.5
Chile,2018,Total (recorded+unrecorded) alcohol per capita (15+) consumption,Both sexes,9.07
Chile,2018,Total (recorded+unrecorded) alcohol per capita (15+) consumption,Male,13.89
Chile,2018,Total (recorded+unrecorded) alcohol per capita (15+) consumption,Female,4.4
China,2018,Total (recorded+unrecorded) alcohol per capita (15+) consumption,Both sexes,7.05
China,2018,Total (recorded+unrecorded) alcohol per capita (15+) consumption,Male,10.92
China,2018,Total (recorded+unrecorded) alcohol per capita (15+) consumption,Female,3.02
Colombia,2018,Total (recorded+unrecorded) alcohol per capita (15+) consumption,Both sexes,5.74
Colombia,2018,Total (recorded+unrecorded) alcohol per capita (15+) consumption,Male,9.3
Colombia,2018,Total (recorded+unrecorded) alcohol per capita (15+) consumption,Female,2.37
Comoros,2018,Total (recorded+unrecorded) alcohol per capita (15+) consumption,Both sexes,0.69
Comoros,2018,Total (recorded+unrecorded) alcohol per capita (15+) consumption,Male,1.2
Comoros,2018,Total (recorded+unrecorded) alcohol per capita (15+) consumption,Female,0.18
Congo,2018,Total (recorded+unrecorded) alcohol per capita (15+) consumption,Both sexes,9.27
Congo,2018,Total (recorded+unrecorded) alcohol per capita (15+) consumption,Male,14.63
Congo,2018,Total (recorded+unrecorded) alcohol per capita (15+) consumption,Female,3.96
Costa Rica,2018,Total (recorded+unrecorded) alcohol per capita (15+) consumption,Both sexes,4.87
Costa Rica,2018,Total (recorded+unrecorded) alcohol per capita (15+) consumption,Male,7.77
Costa Rica,2018,Total (recorded+unrecorded) alcohol per capita (15+) consumption,Female,2.0
Côte d’Ivoire,2018,Total (recorded+unrecorded) alcohol per capita (15+) consumption,Both sexes,2.71
Côte d’Ivoire,2018,Total (recorded+unrecorded) alcohol per capita (15+) consumption,Male,4.3
Côte d’Ivoire,2018,Total (recorded+unrecorded) alcohol per capita (15+) consumption,Female,1.05
Croatia,2018,Total (recorded+unrecorded) alcohol per capita (15+) consumption,Both sexes,9.23
Croatia,2018,Total (recorded+unrecorded) alcohol per capita (15+) consumption,Male,14.73
Croatia,2018,Total (recorded+unrecorded) alcohol per capita (15+) consumption,Female,4.22
Cuba,2018,Total (recorded+unrecorded) alcohol per capita (15+) consumption,Both sexes,5.83
Cuba,2018,Total (recorded+unrecorded) alcohol per capita (15+) consumption,Male,9.25
Cuba,2018,Total (recorded+unrecorded) alcohol per capita (15+) consumption,Female,2.44
Cyprus,2018,Total (recorded+unrecorded) alcohol per capita (15+) consumption,Both sexes,10.81
Cyprus,2018,Total (recorded+unrecorded) alcohol per capita (15+) consumption,Male,16.92
Cyprus,2018,Total (recorded+unrecorded) alcohol per capita (15+) consumption,Female,4.76
Czechia,2018,Total (recorded+unrecorded) alcohol per capita (15+) consumption,Both sexes,14.45
Czechia,2018,Total (recorded+unrecorded) alcohol per capita (15+) consumption,Male,22.28
Czechia,2018,Total (recorded+unrecorded) alcohol per capita (15+) consumption,Female,6.99
Democratic People's Republic of Korea,2018,Total (recorded+unrecorded) alcohol per capita (15+) consumption,Both sexes,3.8
Democratic People's Republic of Korea,2018,Total (recorded+unrecorded) alcohol per capita (15+) consumption,Male,6.29
Democratic People's Republic of Korea,2018,Total (recorded+unrecorded) alcohol per capita (15+) consumption,Female,1.47
Democratic Republic of the Congo,2018,Total (recorded+unrecorded) alcohol per capita (15+) consumption,Both sexes,2.0
Democratic Republic of the Congo,2018,Total (recorded+unrecorded) alcohol per capita (15+) consumption,Male,3.2
Democratic Republic of the Congo,2018,Total (recorded+unrecorded) alcohol per capita (15+) consumption,Female,0.83
Denmark,2018,Total (recorded+unrecorded) alcohol per capita (15+) consumption,Both sexes,10.26
Denmark,2018,Total (recorded+unrecorded) alcohol per capita (15+) consumption,Male,15.78
Denmark,2018,Total (recorded+unrecorded) alcohol per capita (15+) consumption,Female,4.86
Djibouti,2018,Total (recorded+unrecorded) alcohol per capita (15+) consumption,Both sexes,0.43
Djibouti,2018,Total (recorded+unrecorded) alcohol per capita (15+) consumption,Male,0.75
Djibouti,2018,Total (recorded+unrecorded) alcohol per capita (15+) consumption,Female,0.12
Dominica,2018,Total (recorded+unrecorded) alcohol per capita (15+) consumption,Both sexes,11.18
Dominica,2018,Total (recorded+unrecorded) alcohol per capita (15+) consumption,Male,18.07
Dominica,2018,Total (recorded+unrecorded) alcohol per capita (15+) consumption,Female,4.57
Dominican Republic,2018,Total (recorded+unrecorded) alcohol per capita (15+) consumption,Both sexes,6.68
Dominican Republic,2018,Total (recorded+unrecorded) alcohol per capita (15+) consumption,Male,10.66
Dominican Republic,2018,Total (recorded+unrecorded) alcohol per capita (15+) consumption,Female,2.81
Ecuador,2018,Total (recorded+unrecorded) alcohol per capita (15+) consumption,Both sexes,4.2
Ecuador,2018,Total (recorded+unrecorded) alcohol per capita (15+) consumption,Male,6.43
Ecuador,2018,Total (recorded+unrecorded) alcohol per capita (15+) consumption,Female,2.0
Egypt,2018,Total (recorded+unrecorded) alcohol per capita (15+) consumption,Both sexes,0.36
Egypt,2018,Total (recorded+unrecorded) alcohol per capita (15+) consumption,Male,0.62
Egypt,2018,Total (recorded+unrecorded) alcohol per capita (15+) consumption,Female,0.09699999999999999
El Salvador,2018,Total (recorded+unrecorded) alcohol per capita (15+) consumption,Both sexes,3.89
El Salvador,2018,Total (recorded+unrecorded) alcohol per capita (15+) consumption,Male,6.57
El Salvador,2018,Total (recorded+unrecorded) alcohol per capita (15+) consumption,Female,1.67
Equatorial Guinea,2018,Total (recorded+unrecorded) alcohol per capita (15+) consumption,Both sexes,7.23
Equatorial Guinea,2018,Total (recorded+unrecorded) alcohol per capita (15+) consumption,Male,10.07
Equatorial Guinea,2018,Total (recorded+unrecorded) alcohol per capita (15+) consumption,Female,3.27
Eritrea,2018,Total (recorded+unrecorded) alcohol per capita (15+) consumption,Both sexes,1.44
Eritrea,2018,Total (recorded+unrecorded) alcohol per capita (15+) consumption,Male,2.39
Eritrea,2018,Total (recorded+unrecorded) alcohol per capita (15+) consumption,Female,0.5
Estonia,2018,Total (recorded+unrecorded) alcohol per capita (15+) consumption,Both sexes,9.23
Estonia,2018,Total (recorded+unrecorded) alcohol per capita (15+) consumption,Male,14.96
Estonia,2018,Total (recorded+unrecorded) alcohol per capita (15+) consumption,Female,4.35
Eswatini,2018,Total (recorded+unrecorded) alcohol per capita (15+) consumption,Both sexes,10.04
Eswatini,2018,Total (recorded+unrecorded) alcohol per capita (15+) consumption,Male,17.02
Eswatini,2018,Total (recorded+unrecorded) alcohol per capita (15+) consumption,Female,3.76
Ethiopia,2018,Total (recorded+unrecorded) alcohol per capita (15+) consumption,Both sexes,2.36
Ethiopia,2018,Total (recorded+unrecorded) alcohol per capita (15+) consumption,Male,3.91
Ethiopia,2018,Total (recorded+unrecorded) alcohol per capita (15+) consumption,Female,0.83
Fiji,2018,Total (recorded+unrecorded) alcohol per capita (15+) consumption,Both sexes,3.32
Fiji,2018,Total (recorded+unrecorded) alcohol per capita (15+) consumption,Male,5.49
Fiji,2018,Total (recorded+unrecorded) alcohol per capita (15+) consumption,Female,1.11
Finland,2018,Total (recorded+unrecorded) alcohol per capita (15+) consumption,Both sexes,10.78
Finland,2018,Total (recorded+unrecorded) alcohol per capita (15+) consumption,Male,16.77
Finland,2018,Total (recorded+unrecorded) alcohol per capita (15+) consumption,Female,5.05
France,2018,Total (recorded+unrecorded) alcohol per capita (15+) consumption,Both sexes,12.33
France,2018,Total (recorded+unrecorded) alcohol per capita (15+) consumption,Male,19.18
France,2018,Total (recorded+unrecorded) alcohol per capita (15+) consumption,Female,5.83
Gabon,2018,Total (recorded+unrecorded) alcohol per capita (15+) consumption,Both sexes,8.74
Gabon,2018,Total (recorded+unrecorded) alcohol per capita (15+) consumption,Male,13.17
Gabon,2018,Total (recorded+unrecorded) alcohol per capita (15+) consumption,Female,3.97
Gambia,2018,Total (recorded+unrecorded) alcohol per capita (15+) consumption,Both sexes,3.55
Gambia,2018,Total (recorded+unrecorded) alcohol per capita (15+) consumption,Male,6.07
Gambia,2018,Total (recorded+unrecorded) alcohol per capita (15+) consumption,Female,1.16
Georgia,2018,Total (recorded+unrecorded) alcohol per capita (15+) consumption,Both sexes,8.25
Georgia,2018,Total (recorded+unrecorded) alcohol per capita (15+) consumption,Male,13.58
Georgia,2018,Total (recorded+unrecorded) alcohol per capita (15+) consumption,Female,3.59
Germany,2018,Total (recorded+unrecorded) alcohol per capita (15+) consumption,Both sexes,12.91
Germany,2018,Total (recorded+unrecorded) alcohol per capita (15+) consumption,Male,19.9
Germany,2018,Total (recorded+unrecorded) alcohol per capita (15+) consumption,Female,6.21
Ghana,2018,Total (recorded+unrecorded) alcohol per capita (15+) consumption,Both sexes,2.75
Ghana,2018,Total (recorded+unrecorded) alcohol per capita (15+) consumption,Male,4.4
Ghana,2018,Total (recorded+unrecorded) alcohol per capita (15+) consumption,Female,1.17
Greece,2018,Total (recorded+unrecorded) alcohol per capita (15+) consumption,Both sexes,10.18
Greece,2018,Total (recorded+unrecorded) alcohol per capita (15+) consumption,Male,16.17
Greece,2018,Total (recorded+unrecorded) alcohol per capita (15+) consumption,Female,4.46
Grenada,2018,Total (recorded+unrecorded) alcohol per capita (15+) consumption,Both sexes,9.48
Grenada,2018,Total (recorded+unrecorded) alcohol per capita (15+) consumption,Male,15.07
Grenada,2018,Total (recorded+unrecorded) alcohol per capita (15+) consumption,Female,3.92
Guatemala,2018,Total (recorded+unrecorded) alcohol per capita (15+) consumption,Both sexes,2.45
Guatemala,2018,Total (recorded+unrecorded) alcohol per capita (15+) consumption,Male,3.97
Guatemala,2018,Total (recorded+unrecorded) alcohol per capita (15+) consumption,Female,1.04
Guinea,2018,Total (recorded+unrecorded) alcohol per capita (15+) consumption,Both sexes,1.11
Guinea,2018,Total (recorded+unrecorded) alcohol per capita (15+) consumption,Male,1.89
Guinea,2018,Total (recorded+unrecorded) alcohol per capita (15+) consumption,Female,0.34
Guinea-Bissau,2018,Total (recorded+unrecorded) alcohol per capita (15+) consumption,Both sexes,5.38
Guinea-Bissau,2018,Total (recorded+unrecorded) alcohol per capita (15+) consumption,Male,8.95
Guinea-Bissau,2018,Total (recorded+unrecorded) alcohol per capita (15+) consumption,Female,2.01
Guyana,2018,Total (recorded+unrecorded) alcohol per capita (15+) consumption,Both sexes,6.89
Guyana,2018,Total (recorded+unrecorded) alcohol per capita (15+) consumption,Male,11.02
Guyana,2018,Total (recorded+unrecorded) alcohol per capita (15+) consumption,Female,2.73
Haiti,2018,Total (recorded+unrecorded) alcohol per capita (15+) consumption,Both sexes,2.73
Haiti,2018,Total (recorded+unrecorded) alcohol per capita (15+) consumption,Male,4.47
Haiti,2018,Total (recorded+unrecorded) alcohol per capita (15+) consumption,Female,1.07
Honduras,2018,Total (recorded+unrecorded) alcohol per capita (15+) consumption,Both sexes,3.76
Honduras,2018,Total (recorded+unrecorded) alcohol per capita (15+) consumption,Male,6.07
Honduras,2018,Total (recorded+unrecorded) alcohol per capita (15+) consumption,Female,1.5
Hungary,2018,Total (recorded+unrecorded) alcohol per capita (15+) consumption,Both sexes,11.35
Hungary,2018,Total (recorded+unrecorded) alcohol per capita (15+) consumption,Male,18.1
Hungary,2018,Total (recorded+unrecorded) alcohol per capita (15+) consumption,Female,5.38
Iceland,2018,Total (recorded+unrecorded) alcohol per capita (15+) consumption,Both sexes,9.12
Iceland,2018,Total (recorded+unrecorded) alcohol per capita (15+) consumption,Male,13.9
Iceland,2018,Total (recorded+unrecorded) alcohol per capita (15+) consumption,Female,4.34
India,2018,Total (recorded+unrecorded) alcohol per capita (15+) consumption,Both sexes,5.54
India,2018,Total (recorded+unrecorded) alcohol per capita (15+) consumption,Male,8.99
India,2018,Total (recorded+unrecorded) alcohol per capita (15+) consumption,Female,1.88
Indonesia,2018,Total (recorded+unrecorded) alcohol per capita (15+) consumption,Both sexes,0.57
Indonesia,2018,Total (recorded+unrecorded) alcohol per capita (15+) consumption,Male,0.98
Indonesia,2018,Total (recorded+unrecorded) alcohol per capita (15+) consumption,Female,0.17
Iran (Islamic Republic of),2018,Total (recorded+unrecorded) alcohol per capita (15+) consumption,Both sexes,1.03
Iran (Islamic Republic of),2018,Total (recorded+unrecorded) alcohol per capita (15+) consumption,Male,1.79
Iran (Islamic Republic of),2018,Total (recorded+unrecorded) alcohol per capita (15+) consumption,Female,0.26
Iraq,2018,Total (recorded+unrecorded) alcohol per capita (15+) consumption,Both sexes,0.39
Iraq,2018,Total (recorded+unrecorded) alcohol per capita (15+) consumption,Male,0.67
Iraq,2018,Total (recorded+unrecorded) alcohol per capita (15+) consumption,Female,0.11
Ireland,2018,Total (recorded+unrecorded) alcohol per capita (15+) consumption,Both sexes,12.88
Ireland,2018,Total (recorded+unrecorded) alcohol per capita (15+) consumption,Male,19.62
Ireland,2018,Total (recorded+unrecorded) alcohol per capita (15+) consumption,Female,6.38
Israel,2018,Total (recorded+unrecorded) alcohol per capita (15+) consumption,Both sexes,4.21
Israel,2018,Total (recorded+unrecorded) alcohol per capita (15+) consumption,Male,6.58
Israel,2018,Total (recorded+unrecorded) alcohol per capita (15+) consumption,Female,1.93
Italy,2018,Total (recorded+unrecorded) alcohol per capita (15+) consumption,Both sexes,7.84
Italy,2018,Total (recorded+unrecorded) alcohol per capita (15+) consumption,Male,12.46
Italy,2018,Total (recorded+unrecorded) alcohol per capita (15+) consumption,Female,3.52
Jamaica,2018,Total (recorded+unrecorded) alcohol per capita (15+) consumption,Both sexes,4.22
Jamaica,2018,Total (recorded+unrecorded) alcohol per capita (15+) consumption,Male,6.79
Jamaica,2018,Total (recorded+unrecorded) alcohol per capita (15+) consumption,Female,1.7
Japan,2018,Total (recorded+unrecorded) alcohol per capita (15+) consumption,Both sexes,7.96
Japan,2018,Total (recorded+unrecorded) alcohol per capita (15+) consumption,Male,12.29
Japan,2018,Total (recorded+unrecorded) alcohol per capita (15+) consumption,Female,3.89
Jordan,2018,Total (recorded+unrecorded) alcohol per capita (15+) consumption,Both sexes,0.69
Jordan,2018,Total (recorded+unrecorded) alcohol per capita (15+) consumption,Male,1.19
Jordan,2018,Total (recorded+unrecorded) alcohol per capita (15+) consumption,Female,0.19
Kazakhstan,2018,Total (recorded+unrecorded) alcohol per capita (15+) consumption,Both sexes,4.76
Kazakhstan,2018,Total (recorded+unrecorded) alcohol per capita (15+) consumption,Male,7.92
Kazakhstan,2018,Total (recorded+unrecorded) alcohol per capita (15+) consumption,Female,1.93
Kenya,2018,Total (recorded+unrecorded) alcohol per capita (15+) consumption,Both sexes,2.78
Kenya,2018,Total (recorded+unrecorded) alcohol per capita (15+) consumption,Male,4.55
Kenya,2018,Total (recorded+unrecorded) alcohol per capita (15+) consumption,Female,1.07
Kiribati,2018,Total (recorded+unrecorded) alcohol per capita (15+) consumption,Both sexes,0.46
Kiribati,2018,Total (recorded+unrecorded) alcohol per capita (15+) consumption,Male,0.77
Kiribati,2018,Total (recorded+unrecorded) alcohol per capita (15+) consumption,Female,0.16
Kuwait,2018,Total (recorded+unrecorded) alcohol per capita (15+) consumption,Both sexes,0.003
Kuwait,2018,Total (recorded+unrecorded) alcohol per capita (15+) consumption,Male,0.004
Kuwait,2018,Total (recorded+unrecorded) alcohol per capita (15+) consumption,Female,0.0006
Kyrgyzstan,2018,Total (recorded+unrecorded) alcohol per capita (15+) consumption,Both sexes,6.26
Kyrgyzstan,2018,Total (recorded+unrecorded) alcohol per capita (15+) consumption,Male,10.79
Kyrgyzstan,2018,Total (recorded+unrecorded) alcohol per capita (15+) consumption,Female,1.95
Lao People's Democratic Republic,2018,Total (recorded+unrecorded) alcohol per capita (15+) consumption,Both sexes,10.72
Lao People's Democratic Republic,2018,Total (recorded+unrecorded) alcohol per capita (15+) consumption,Male,17.05
Lao People's Democratic Republic,2018,Total (recorded+unrecorded) alcohol per capita (15+) consumption,Female,4.55
Latvia,2018,Total (recorded+unrecorded) alcohol per capita (15+) consumption,Both sexes,12.77
Latvia,2018,Total (recorded+unrecorded) alcohol per capita (15+) consumption,Male,20.92
Latvia,2018,Total (recorded+unrecorded) alcohol per capita (15+) consumption,Female,6.11
Lebanon,2018,Total (recorded+unrecorded) alcohol per capita (15+) consumption,Both sexes,1.71
Lebanon,2018,Total (recorded+unrecorded) alcohol per capita (15+) consumption,Male,2.86
Lebanon,2018,Total (recorded+unrecorded) alcohol per capita (15+) consumption,Female,0.55
Lesotho,2018,Total (recorded+unrecorded) alcohol per capita (15+) consumption,Both sexes,4.59
Lesotho,2018,Total (recorded+unrecorded) alcohol per capita (15+) consumption,Male,7.89
Lesotho,2018,Total (recorded+unrecorded) alcohol per capita (15+) consumption,Female,1.59
Liberia,2018,Total (recorded+unrecorded) alcohol per capita (15+) consumption,Both sexes,6.12
Liberia,2018,Total (recorded+unrecorded) alcohol per capita (15+) consumption,Male,9.74
Liberia,2018,Total (recorded+unrecorded) alcohol per capita (15+) consumption,Female,2.51
Libya,2018,Total (recorded+unrecorded) alcohol per capita (15+) consumption,Both sexes,0.019
Libya,2018,Total (recorded+unrecorded) alcohol per capita (15+) consumption,Male,0.034
Libya,2018,Total (recorded+unrecorded) alcohol per capita (15+) consumption,Female,0.005
Lithuania,2018,Total (recorded+unrecorded) alcohol per capita (15+) consumption,Both sexes,13.22
Lithuania,2018,Total (recorded+unrecorded) alcohol per capita (15+) consumption,Male,21.29
Lithuania,2018,Total (recorded+unrecorded) alcohol per capita (15+) consumption,Female,6.56
Luxembourg,2018,Total (recorded+unrecorded) alcohol per capita (15+) consumption,Both sexes,12.94
Luxembourg,2018,Total (recorded+unrecorded) alcohol per capita (15+) consumption,Male,19.51
Luxembourg,2018,Total (recorded+unrecorded) alcohol per capita (15+) consumption,Female,6.36
Madagascar,2018,Total (recorded+unrecorded) alcohol per capita (15+) consumption,Both sexes,1.97
Madagascar,2018,Total (recorded+unrecorded) alcohol per capita (15+) consumption,Male,3.2
Madagascar,2018,Total (recorded+unrecorded) alcohol per capita (15+) consumption,Female,0.76
Malawi,2018,Total (recorded+unrecorded) alcohol per capita (15+) consumption,Both sexes,3.63
Malawi,2018,Total (recorded+unrecorded) alcohol per capita (15+) consumption,Male,6.0
Malawi,2018,Total (recorded+unrecorded) alcohol per capita (15+) consumption,Female,1.38
Malaysia,2018,Total (recorded+unrecorded) alcohol per capita (15+) consumption,Both sexes,0.85
Malaysia,2018,Total (recorded+unrecorded) alcohol per capita (15+) consumption,Male,1.35
Malaysia,2018,Total (recorded+unrecorded) alcohol per capita (15+) consumption,Female,0.32
Maldives,2018,Total (recorded+unrecorded) alcohol per capita (15+) consumption,Both sexes,2.22
Maldives,2018,Total (recorded+unrecorded) alcohol per capita (15+) consumption,Male,3.45
Maldives,2018,Total (recorded+unrecorded) alcohol per capita (15+) consumption,Female,0.5
Mali,2018,Total (recorded+unrecorded) alcohol per capita (15+) consumption,Both sexes,1.28
Mali,2018,Total (recorded+unrecorded) alcohol per capita (15+) consumption,Male,2.2
Mali,2018,Total (recorded+unrecorded) alcohol per capita (15+) consumption,Female,0.38
Malta,2018,Total (recorded+unrecorded) alcohol per capita (15+) consumption,Both sexes,7.99
Malta,2018,Total (recorded+unrecorded) alcohol per capita (15+) consumption,Male,12.42
Malta,2018,Total (recorded+unrecorded) alcohol per capita (15+) consumption,Female,3.56
Mauritania,2018,Total (recorded+unrecorded) alcohol per capita (15+) consumption,Both sexes,0.036000000000000004
Mauritania,2018,Total (recorded+unrecorded) alcohol per capita (15+) consumption,Male,0.062
Mauritania,2018,Total (recorded+unrecorded) alcohol per capita (15+) consumption,Female,0.009000000000000001
Mauritius,2018,Total (recorded+unrecorded) alcohol per capita (15+) consumption,Both sexes,4.35
Mauritius,2018,Total (recorded+unrecorded) alcohol per capita (15+) consumption,Male,6.97
Mauritius,2018,Total (recorded+unrecorded) alcohol per capita (15+) consumption,Female,1.81
Mexico,2018,Total (recorded+unrecorded) alcohol per capita (15+) consumption,Both sexes,5.0
Mexico,2018,Total (recorded+unrecorded) alcohol per capita (15+) consumption,Male,7.95
Mexico,2018,Total (recorded+unrecorded) alcohol per capita (15+) consumption,Female,2.13
Micronesia (Federated States of),2018,Total (recorded+unrecorded) alcohol per capita (15+) consumption,Both sexes,2.48
Micronesia (Federated States of),2018,Total (recorded+unrecorded) alcohol per capita (15+) consumption,Male,4.06
Micronesia (Federated States of),2018,Total (recorded+unrecorded) alcohol per capita (15+) consumption,Female,0.84
Mongolia,2018,Total (recorded+unrecorded) alcohol per capita (15+) consumption,Both sexes,8.19
Mongolia,2018,Total (recorded+unrecorded) alcohol per capita (15+) consumption,Male,12.79
Mongolia,2018,Total (recorded+unrecorded) alcohol per capita (15+) consumption,Female,3.77
Montenegro,2018,Total (recorded+unrecorded) alcohol per capita (15+) consumption,Both sexes,11.47
Montenegro,2018,Total (recorded+unrecorded) alcohol per capita (15+) consumption,Male,18.3
Montenegro,2018,Total (recorded+unrecorded) alcohol per capita (15+) consumption,Female,4.97
Morocco,2018,Total (recorded+unrecorded) alcohol per capita (15+) consumption,Both sexes,0.69
Morocco,2018,Total (recorded+unrecorded) alcohol per capita (15+) consumption,Male,1.22
Morocco,2018,Total (recorded+unrecorded) alcohol per capita (15+) consumption,Female,0.18
Mozambique,2018,Total (recorded+unrecorded) alcohol per capita (15+) consumption,Both sexes,2.3
Mozambique,2018,Total (recorded+unrecorded) alcohol per capita (15+) consumption,Male,3.86
Mozambique,2018,Total (recorded+unrecorded) alcohol per capita (15+) consumption,Female,0.88
Myanmar,2018,Total (recorded+unrecorded) alcohol per capita (15+) consumption,Both sexes,5.12
Myanmar,2018,Total (recorded+unrecorded) alcohol per capita (15+) consumption,Male,8.43
Myanmar,2018,Total (recorded+unrecorded) alcohol per capita (15+) consumption,Female,2.02
Namibia,2018,Total (recorded+unrecorded) alcohol per capita (15+) consumption,Both sexes,5.43
Namibia,2018,Total (recorded+unrecorded) alcohol per capita (15+) consumption,Male,9.1
Namibia,2018,Total (recorded+unrecorded) alcohol per capita (15+) consumption,Female,2.07
Nauru,2018,Total (recorded+unrecorded) alcohol per capita (15+) consumption,Both sexes,3.71
Nauru,2018,Total (recorded+unrecorded) alcohol per capita (15+) consumption,Male,6.16
Nauru,2018,Total (recorded+unrecorded) alcohol per capita (15+) consumption,Female,1.26
Nepal,2018,Total (recorded+unrecorded) alcohol per capita (15+) consumption,Both sexes,2.05
Nepal,2018,Total (recorded+unrecorded) alcohol per capita (15+) consumption,Male,3.49
Nepal,2018,Total (recorded+unrecorded) alcohol per capita (15+) consumption,Female,0.76
Netherlands,2018,Total (recorded+unrecorded) alcohol per capita (15+) consumption,Both sexes,9.61
Netherlands,2018,Total (recorded+unrecorded) alcohol per capita (15+) consumption,Male,14.83
Netherlands,2018,Total (recorded+unrecorded) alcohol per capita (15+) consumption,Female,4.51
New Zealand,2018,Total (recorded+unrecorded) alcohol per capita (15+) consumption,Both sexes,10.63
New Zealand,2018,Total (recorded+unrecorded) alcohol per capita (15+) consumption,Male,16.36
New Zealand,2018,Total (recorded+unrecorded) alcohol per capita (15+) consumption,Female,5.19
Nicaragua,2018,Total (recorded+unrecorded) alcohol per capita (15+) consumption,Both sexes,5.18
Nicaragua,2018,Total (recorded+unrecorded) alcohol per capita (15+) consumption,Male,8.48
Nicaragua,2018,Total (recorded+unrecorded) alcohol per capita (15+) consumption,Female,2.07
Niger,2018,Total (recorded+unrecorded) alcohol per capita (15+) consumption,Both sexes,0.67
Niger,2018,Total (recorded+unrecorded) alcohol per capita (15+) consumption,Male,1.16
Niger,2018,Total (recorded+unrecorded) alcohol per capita (15+) consumption,Female,0.2
Nigeria,2018,Total (recorded+unrecorded) alcohol per capita (15+) consumption,Both sexes,10.84
Nigeria,2018,Total (recorded+unrecorded) alcohol per capita (15+) consumption,Male,17.24
Nigeria,2018,Total (recorded+unrecorded) alcohol per capita (15+) consumption,Female,4.37
Niue,2018,Total (recorded+unrecorded) alcohol per capita (15+) consumption,Both sexes,10.68
Niue,2018,Total (recorded+unrecorded) alcohol per capita (15+) consumption,Male,17.03
Niue,2018,Total (recorded+unrecorded) alcohol per capita (15+) consumption,Female,4.2
Norway,2018,Total (recorded+unrecorded) alcohol per capita (15+) consumption,Both sexes,7.41
Norway,2018,Total (recorded+unrecorded) alcohol per capita (15+) consumption,Male,11.2
Norway,2018,Total (recorded+unrecorded) alcohol per capita (15+) consumption,Female,3.58
Oman,2018,Total (recorded+unrecorded) alcohol per capita (15+) consumption,Both sexes,0.78
Oman,2018,Total (recorded+unrecorded) alcohol per capita (15+) consumption,Male,1.04
Oman,2018,Total (recorded+unrecorded) alcohol per capita (15+) consumption,Female,0.19
Pakistan,2018,Total (recorded+unrecorded) alcohol per capita (15+) consumption,Both sexes,0.34
Pakistan,2018,Total (recorded+unrecorded) alcohol per capita (15+) consumption,Male,0.57
Pakistan,2018,Total (recorded+unrecorded) alcohol per capita (15+) consumption,Female,0.11
Panama,2018,Total (recorded+unrecorded) alcohol per capita (15+) consumption,Both sexes,7.98
Panama,2018,Total (recorded+unrecorded) alcohol per capita (15+) consumption,Male,12.57
Panama,2018,Total (recorded+unrecorded) alcohol per capita (15+) consumption,Female,3.44
Papua New Guinea,2018,Total (recorded+unrecorded) alcohol per capita (15+) consumption,Both sexes,1.39
Papua New Guinea,2018,Total (recorded+unrecorded) alcohol per capita (15+) consumption,Male,2.3
Papua New Guinea,2018,Total (recorded+unrecorded) alcohol per capita (15+) consumption,Female,0.47
Paraguay,2018,Total (recorded+unrecorded) alcohol per capita (15+) consumption,Both sexes,7.58
Paraguay,2018,Total (recorded+unrecorded) alcohol per capita (15+) consumption,Male,11.86
Paraguay,2018,Total (recorded+unrecorded) alcohol per capita (15+) consumption,Female,3.18
Peru,2018,Total (recorded+unrecorded) alcohol per capita (15+) consumption,Both sexes,6.38
Peru,2018,Total (recorded+unrecorded) alcohol per capita (15+) consumption,Male,9.77
Peru,2018,Total (recorded+unrecorded) alcohol per capita (15+) consumption,Female,3.06
Philippines,2018,Total (recorded+unrecorded) alcohol per capita (15+) consumption,Both sexes,6.86
Philippines,2018,Total (recorded+unrecorded) alcohol per capita (15+) consumption,Male,10.95
Philippines,2018,Total (recorded+unrecorded) alcohol per capita (15+) consumption,Female,2.8
Poland,2018,Total (recorded+unrecorded) alcohol per capita (15+) consumption,Both sexes,11.71
Poland,2018,Total (recorded+unrecorded) alcohol per capita (15+) consumption,Male,18.41
Poland,2018,Total (recorded+unrecorded) alcohol per capita (15+) consumption,Female,5.58
Portugal,2018,Total (recorded+unrecorded) alcohol per capita (15+) consumption,Both sexes,12.03
Portugal,2018,Total (recorded+unrecorded) alcohol per capita (15+) consumption,Male,19.41
Portugal,2018,Total (recorded+unrecorded) alcohol per capita (15+) consumption,Female,5.56
Qatar,2018,Total (recorded+unrecorded) alcohol per capita (15+) consumption,Both sexes,1.59
Qatar,2018,Total (recorded+unrecorded) alcohol per capita (15+) consumption,Male,1.91
Qatar,2018,Total (recorded+unrecorded) alcohol per capita (15+) consumption,Female,0.4
Republic of Korea,2018,Total (recorded+unrecorded) alcohol per capita (15+) consumption,Both sexes,9.7
Republic of Korea,2018,Total (recorded+unrecorded) alcohol per capita (15+) consumption,Male,14.65
Republic of Korea,2018,Total (recorded+unrecorded) alcohol per capita (15+) consumption,Female,4.8
Republic of Moldova,2018,Total (recorded+unrecorded) alcohol per capita (15+) consumption,Both sexes,11.43
Republic of Moldova,2018,Total (recorded+unrecorded) alcohol per capita (15+) consumption,Male,18.29
Republic of Moldova,2018,Total (recorded+unrecorded) alcohol per capita (15+) consumption,Female,5.27
The former Yugoslav Republic of Macedonia,2018,Total (recorded+unrecorded) alcohol per capita (15+) consumption,Both sexes,6.16
The former Yugoslav Republic of Macedonia,2018,Total (recorded+unrecorded) alcohol per capita (15+) consumption,Male,9.93
The former Yugoslav Republic of Macedonia,2018,Total (recorded+unrecorded) alcohol per capita (15+) consumption,Female,2.44
Romania,2018,Total (recorded+unrecorded) alcohol per capita (15+) consumption,Both sexes,11.74
Romania,2018,Total (recorded+unrecorded) alcohol per capita (15+) consumption,Male,18.57
Romania,2018,Total (recorded+unrecorded) alcohol per capita (15+) consumption,Female,5.45
Russian Federation,2018,Total (recorded+unrecorded) alcohol per capita (15+) consumption,Both sexes,11.19
Russian Federation,2018,Total (recorded+unrecorded) alcohol per capita (15+) consumption,Male,19.12
Russian Federation,2018,Total (recorded+unrecorded) alcohol per capita (15+) consumption,Female,4.58
Rwanda,2018,Total (recorded+unrecorded) alcohol per capita (15+) consumption,Both sexes,8.95
Rwanda,2018,Total (recorded+unrecorded) alcohol per capita (15+) consumption,Male,14.75
Rwanda,2018,Total (recorded+unrecorded) alcohol per capita (15+) consumption,Female,3.51
Saint Kitts and Nevis,2018,Total (recorded+unrecorded) alcohol per capita (15+) consumption,Both sexes,8.94
Saint Kitts and Nevis,2018,Total (recorded+unrecorded) alcohol per capita (15+) consumption,Male,14.14
Saint Kitts and Nevis,2018,Total (recorded+unrecorded) alcohol per capita (15+) consumption,Female,3.95
Saint Lucia,2018,Total (recorded+unrecorded) alcohol per capita (15+) consumption,Both sexes,10.6
Saint Lucia,2018,Total (recorded+unrecorded) alcohol per capita (15+) consumption,Male,17.16
Saint Lucia,2018,Total (recorded+unrecorded) alcohol per capita (15+) consumption,Female,4.39
Saint Vincent and the Grenadines,2018,Total (recorded+unrecorded) alcohol per capita (15+) consumption,Both sexes,9.06
Saint Vincent and the Grenadines,2018,Total (recorded+unrecorded) alcohol per capita (15+) consumption,Male,14.38
Saint Vincent and the Grenadines,2018,Total (recorded+unrecorded) alcohol per capita (15+) consumption,Female,3.65
Samoa,2018,Total (recorded+unrecorded) alcohol per capita (15+) consumption,Both sexes,2.66
Samoa,2018,Total (recorded+unrecorded) alcohol per capita (15+) consumption,Male,4.33
Samoa,2018,Total (recorded+unrecorded) alcohol per capita (15+) consumption,Female,0.88
Sao Tome and Principe,2018,Total (recorded+unrecorded) alcohol per capita (15+) consumption,Both sexes,5.88
Sao Tome and Principe,2018,Total (recorded+unrecorded) alcohol per capita (15+) consumption,Male,9.3
Sao Tome and Principe,2018,Total (recorded+unrecorded) alcohol per capita (15+) consumption,Female,2.55
Saudi Arabia,2018,Total (recorded+unrecorded) alcohol per capita (15+) consumption,Both sexes,0.19
Saudi Arabia,2018,Total (recorded+unrecorded) alcohol per capita (15+) consumption,Male,0.29
Saudi Arabia,2018,Total (recorded+unrecorded) alcohol per capita (15+) consumption,Female,0.042
Senegal,2018,Total (recorded+unrecorded) alcohol per capita (15+) consumption,Both sexes,0.76
Senegal,2018,Total (recorded+unrecorded) alcohol per capita (15+) consumption,Male,1.35
Senegal,2018,Total (recorded+unrecorded) alcohol per capita (15+) consumption,Female,0.23
Serbia,2018,Total (recorded+unrecorded) alcohol per capita (15+) consumption,Both sexes,8.75
Serbia,2018,Total (recorded+unrecorded) alcohol per capita (15+) consumption,Male,13.93
Serbia,2018,Total (recorded+unrecorded) alcohol per capita (15+) consumption,Female,3.89
Seychelles,2018,Total (recorded+unrecorded) alcohol per capita (15+) consumption,Both sexes,20.5
Seychelles,2018,Total (recorded+unrecorded) alcohol per capita (15+) consumption,Male,31.96
Seychelles,2018,Total (recorded+unrecorded) alcohol per capita (15+) consumption,Female,9.51
Sierra Leone,2018,Total (recorded+unrecorded) alcohol per capita (15+) consumption,Both sexes,5.7
Sierra Leone,2018,Total (recorded+unrecorded) alcohol per capita (15+) consumption,Male,9.93
Sierra Leone,2018,Total (recorded+unrecorded) alcohol per capita (15+) consumption,Female,1.61
Singapore,2018,Total (recorded+unrecorded) alcohol per capita (15+) consumption,Both sexes,2.03
Singapore,2018,Total (recorded+unrecorded) alcohol per capita (15+) consumption,Male,3.06
Singapore,2018,Total (recorded+unrecorded) alcohol per capita (15+) consumption,Female,1.04
Slovakia,2018,Total (recorded+unrecorded) alcohol per capita (15+) consumption,Both sexes,11.14
Slovakia,2018,Total (recorded+unrecorded) alcohol per capita (15+) consumption,Male,17.37
Slovakia,2018,Total (recorded+unrecorded) alcohol per capita (15+) consumption,Female,5.35
Slovenia,2018,Total (recorded+unrecorded) alcohol per capita (15+) consumption,Both sexes,11.9
Slovenia,2018,Total (recorded+unrecorded) alcohol per capita (15+) consumption,Male,18.36
Slovenia,2018,Total (recorded+unrecorded) alcohol per capita (15+) consumption,Female,5.6
Solomon Islands,2018,Total (recorded+unrecorded) alcohol per capita (15+) consumption,Both sexes,1.83
Solomon Islands,2018,Total (recorded+unrecorded) alcohol per capita (15+) consumption,Male,3.02
Solomon Islands,2018,Total (recorded+unrecorded) alcohol per capita (15+) consumption,Female,0.63
Somalia,2018,Total (recorded+unrecorded) alcohol per capita (15+) consumption,Both sexes,0.009000000000000001
Somalia,2018,Total (recorded+unrecorded) alcohol per capita (15+) consumption,Male,0.016
Somalia,2018,Total (recorded+unrecorded) alcohol per capita (15+) consumption,Female,0.002
South Africa,2018,Total (recorded+unrecorded) alcohol per capita (15+) consumption,Both sexes,9.52
South Africa,2018,Total (recorded+unrecorded) alcohol per capita (15+) consumption,Male,15.91
South Africa,2018,Total (recorded+unrecorded) alcohol per capita (15+) consumption,Female,3.49
Spain,2018,Total (recorded+unrecorded) alcohol per capita (15+) consumption,Both sexes,12.72
Spain,2018,Total (recorded+unrecorded) alcohol per capita (15+) consumption,Male,20.07
Spain,2018,Total (recorded+unrecorded) alcohol per capita (15+) consumption,Female,5.77
Sri Lanka,2018,Total (recorded+unrecorded) alcohol per capita (15+) consumption,Both sexes,4.1
Sri Lanka,2018,Total (recorded+unrecorded) alcohol per capita (15+) consumption,Male,6.78
Sri Lanka,2018,Total (recorded+unrecorded) alcohol per capita (15+) consumption,Female,1.7
Sudan,2018,Total (recorded+unrecorded) alcohol per capita (15+) consumption,Both sexes,0.51
Sudan,2018,Total (recorded+unrecorded) alcohol per capita (15+) consumption,Male,0.88
Sudan,2018,Total (recorded+unrecorded) alcohol per capita (15+) consumption,Female,0.14
Suriname,2018,Total (recorded+unrecorded) alcohol per capita (15+) consumption,Both sexes,5.33
Suriname,2018,Total (recorded+unrecorded) alcohol per capita (15+) consumption,Male,8.49
Suriname,2018,Total (recorded+unrecorded) alcohol per capita (15+) consumption,Female,2.23
Sweden,2018,Total (recorded+unrecorded) alcohol per capita (15+) consumption,Both sexes,8.93
Sweden,2018,Total (recorded+unrecorded) alcohol per capita (15+) consumption,Male,13.69
Sweden,2018,Total (recorded+unrecorded) alcohol per capita (15+) consumption,Female,4.21
Switzerland,2018,Total (recorded+unrecorded) alcohol per capita (15+) consumption,Both sexes,11.53
Switzerland,2018,Total (recorded+unrecorded) alcohol per capita (15+) consumption,Male,17.65
Switzerland,2018,Total (recorded+unrecorded) alcohol per capita (15+) consumption,Female,5.6
Syrian Arab Republic,2018,Total (recorded+unrecorded) alcohol per capita (15+) consumption,Both sexes,0.24
Syrian Arab Republic,2018,Total (recorded+unrecorded) alcohol per capita (15+) consumption,Male,0.42
Syrian Arab Republic,2018,Total (recorded+unrecorded) alcohol per capita (15+) consumption,Female,0.062
Tajikistan,2018,Total (recorded+unrecorded) alcohol per capita (15+) consumption,Both sexes,3.28
Tajikistan,2018,Total (recorded+unrecorded) alcohol per capita (15+) consumption,Male,5.6
Tajikistan,2018,Total (recorded+unrecorded) alcohol per capita (15+) consumption,Female,0.99
Thailand,2018,Total (recorded+unrecorded) alcohol per capita (15+) consumption,Both sexes,8.3
Thailand,2018,Total (recorded+unrecorded) alcohol per capita (15+) consumption,Male,13.42
Thailand,2018,Total (recorded+unrecorded) alcohol per capita (15+) consumption,Female,3.52
Timor-Leste,2018,Total (recorded+unrecorded) alcohol per capita (15+) consumption,Both sexes,2.17
Timor-Leste,2018,Total (recorded+unrecorded) alcohol per capita (15+) consumption,Male,3.43
Timor-Leste,2018,Total (recorded+unrecorded) alcohol per capita (15+) consumption,Female,0.89
Togo,2018,Total (recorded+unrecorded) alcohol per capita (15+) consumption,Both sexes,2.46
Togo,2018,Total (recorded+unrecorded) alcohol per capita (15+) consumption,Male,3.93
Togo,2018,Total (recorded+unrecorded) alcohol per capita (15+) consumption,Female,1.02
Tonga,2018,Total (recorded+unrecorded) alcohol per capita (15+) consumption,Both sexes,0.8
Tonga,2018,Total (recorded+unrecorded) alcohol per capita (15+) consumption,Male,1.33
Tonga,2018,Total (recorded+unrecorded) alcohol per capita (15+) consumption,Female,0.28
Trinidad and Tobago,2018,Total (recorded+unrecorded) alcohol per capita (15+) consumption,Both sexes,6.72
Trinidad and Tobago,2018,Total (recorded+unrecorded) alcohol per capita (15+) consumption,Male,10.58
Trinidad and Tobago,2018,Total (recorded+unrecorded) alcohol per capita (15+) consumption,Female,3.03
Tunisia,2018,Total (recorded+unrecorded) alcohol per capita (15+) consumption,Both sexes,2.12
Tunisia,2018,Total (recorded+unrecorded) alcohol per capita (15+) consumption,Male,3.75
Tunisia,2018,Total (recorded+unrecorded) alcohol per capita (15+) consumption,Female,0.56
Turkey,2018,Total (recorded+unrecorded) alcohol per capita (15+) consumption,Both sexes,2.05
Turkey,2018,Total (recorded+unrecorded) alcohol per capita (15+) consumption,Male,3.62
Turkey,2018,Total (recorded+unrecorded) alcohol per capita (15+) consumption,Female,0.56
Turkmenistan,2018,Total (recorded+unrecorded) alcohol per capita (15+) consumption,Both sexes,4.93
Turkmenistan,2018,Total (recorded+unrecorded) alcohol per capita (15+) consumption,Male,8.4
Turkmenistan,2018,Total (recorded+unrecorded) alcohol per capita (15+) consumption,Female,1.65
Tuvalu,2018,Total (recorded+unrecorded) alcohol per capita (15+) consumption,Both sexes,1.52
Tuvalu,2018,Total (recorded+unrecorded) alcohol per capita (15+) consumption,Male,2.51
Tuvalu,2018,Total (recorded+unrecorded) alcohol per capita (15+) consumption,Female,0.5
Uganda,2018,Total (recorded+unrecorded) alcohol per capita (15+) consumption,Both sexes,15.09
Uganda,2018,Total (recorded+unrecorded) alcohol per capita (15+) consumption,Male,24.62
Uganda,2018,Total (recorded+unrecorded) alcohol per capita (15+) consumption,Female,5.88
Ukraine,2018,Total (recorded+unrecorded) alcohol per capita (15+) consumption,Both sexes,8.32
Ukraine,2018,Total (recorded+unrecorded) alcohol per capita (15+) consumption,Male,13.96
Ukraine,2018,Total (recorded+unrecorded) alcohol per capita (15+) consumption,Female,3.65
United Arab Emirates,2018,Total (recorded+unrecorded) alcohol per capita (15+) consumption,Both sexes,3.9
United Arab Emirates,2018,Total (recorded+unrecorded) alcohol per capita (15+) consumption,Male,4.88
United Arab Emirates,2018,Total (recorded+unrecorded) alcohol per capita (15+) consumption,Female,0.84
United Kingdom of Great Britain and Northern Ireland,2018,Total (recorded+unrecorded) alcohol per capita (15+) consumption,Both sexes,11.45
United Kingdom of Great Britain and Northern Ireland,2018,Total (recorded+unrecorded) alcohol per capita (15+) consumption,Male,17.76
United Kingdom of Great Britain and Northern Ireland,2018,Total (recorded+unrecorded) alcohol per capita (15+) consumption,Female,5.39
United Republic of Tanzania,2018,Total (recorded+unrecorded) alcohol per capita (15+) consumption,Both sexes,11.27
United Republic of Tanzania,2018,Total (recorded+unrecorded) alcohol per capita (15+) consumption,Male,18.79
United Republic of Tanzania,2018,Total (recorded+unrecorded) alcohol per capita (15+) consumption,Female,4.12
United States of America,2018,Total (recorded+unrecorded) alcohol per capita (15+) consumption,Both sexes,9.87
United States of America,2018,Total (recorded+unrecorded) alcohol per capita (15+) consumption,Male,15.29
United States of America,2018,Total (recorded+unrecorded) alcohol per capita (15+) consumption,Female,4.64
Uruguay,2018,Total (recorded+unrecorded) alcohol per capita (15+) consumption,Both sexes,6.92
Uruguay,2018,Total (recorded+unrecorded) alcohol per capita (15+) consumption,Male,10.83
Uruguay,2018,Total (recorded+unrecorded) alcohol per capita (15+) consumption,Female,3.37
Uzbekistan,2018,Total (recorded+unrecorded) alcohol per capita (15+) consumption,Both sexes,2.59
Uzbekistan,2018,Total (recorded+unrecorded) alcohol per capita (15+) consumption,Male,4.46
Uzbekistan,2018,Total (recorded+unrecorded) alcohol per capita (15+) consumption,Female,0.79
Vanuatu,2018,Total (recorded+unrecorded) alcohol per capita (15+) consumption,Both sexes,2.25
Vanuatu,2018,Total (recorded+unrecorded) alcohol per capita (15+) consumption,Male,3.73
Vanuatu,2018,Total (recorded+unrecorded) alcohol per capita (15+) consumption,Female,0.77
Venezuela (Bolivarian Republic of),2018,Total (recorded+unrecorded) alcohol per capita (15+) consumption,Both sexes,4.14
Venezuela (Bolivarian Republic of),2018,Total (recorded+unrecorded) alcohol per capita (15+) consumption,Male,6.6
Venezuela (Bolivarian Republic of),2018,Total (recorded+unrecorded) alcohol per capita (15+) consumption,Female,1.75
Viet Nam,2018,Total (recorded+unrecorded) alcohol per capita (15+) consumption,Both sexes,8.66
Viet Nam,2018,Total (recorded+unrecorded) alcohol per capita (15+) consumption,Male,14.1
Viet Nam,2018,Total (recorded+unrecorded) alcohol per capita (15+) consumption,Female,3.49
Yemen,2018,Total (recorded+unrecorded) alcohol per capita (15+) consumption,Both sexes,0.051
Yemen,2018,Total (recorded+unrecorded) alcohol per capita (15+) consumption,Male,0.08800000000000001
Yemen,2018,Total (recorded+unrecorded) alcohol per capita (15+) consumption,Female,0.013000000000000001
Zambia,2018,Total (recorded+unrecorded) alcohol per capita (15+) consumption,Both sexes,6.54
Zambia,2018,Total (recorded+unrecorded) alcohol per capita (15+) consumption,Male,10.62
Zambia,2018,Total (recorded+unrecorded) alcohol per capita (15+) consumption,Female,2.62
Zimbabwe,2018,Total (recorded+unrecorded) alcohol per capita (15+) consumption,Both sexes,4.67
Zimbabwe,2018,Total (recorded+unrecorded) alcohol per capita (15+) consumption,Male,8.0
Zimbabwe,2018,Total (recorded+unrecorded) alcohol per capita (15+) consumption,Female,1.63
